{"_runtime":852,"epoch":1999,"_wandb":{"runtime":852},"learning_rate":0.0001350851717672993,"stop_loss":2.6190784410573542e-05,"kl_div":1.732461929321289,"_step":1999,"pred_loss":0.2862918972969055,"_timestamp":1.7545984615518723e+09,"loss":0.5635119676589966,"beta":0.16000000000000011}