{"_step":2999,"epoch":2999,"loss":1.09895920753479,"kl_div":2.9914138317108154,"stop_loss":1.324074219155591e-05,"_wandb":{"runtime":177},"pred_loss":0.3211784064769745,"beta":0.2600000000000002,"_runtime":177,"_timestamp":1.7546022155657535e+09,"learning_rate":4.7101286972462485e-05}