{"loss":0.000570622505620122,"learning_rate":0.000387420489,"_timestamp":1.7549489645935895e+09,"kl_div":298.7716369628906,"epoch":999,"_step":999,"stop_loss":0.00011741198977688327,"_runtime":116,"pred_loss":0.0004532105231191963,"beta":0,"_wandb":{"runtime":116}}