{"_step":4999,"epoch":4999,"loss":0.038683436810970306,"pred_loss":0.019760338589549065,"_wandb":{"runtime":380},"_runtime":380,"kl_div":18.92308235168457,"_timestamp":1.7546036010391743e+09}