{"epoch":1999,"learning_rate":0.0001350851717672993,"loss":0.7455333471298218,"_step":1999,"kl_div":3.6246178150177,"_wandb":{"runtime":811},"_runtime":811,"beta":0.16000000000000011,"stop_loss":2.9517238999687834e-06,"pred_loss":0.16559159755706787,"_timestamp":1.7546018388492422e+09}