{"_timestamp":1.7546026600392241e+09,"_step":4999,"_wandb":{"runtime":269},"_runtime":269,"epoch":4999,"loss":0.038683436810970306,"pred_loss":0.019760338589549065,"kl_div":18.92308235168457}