{"pred_loss":0.11090786755084991,"loss":0.585084855556488,"beta":0.04000000000000002,"stop_loss":6.962921179365367e-05,"kl_div":11.852684020996094,"_step":788,"epoch":788,"_wandb":{"runtime":294},"_runtime":294,"learning_rate":0.0004782969,"_timestamp":1.7545975939870381e+09}