{"loss":0.029407009482383728,"pred_loss":0.013527913019061089,"kl_div":15.878630638122559,"_wandb":{"runtime":852},"_runtime":852,"_timestamp":1.754580525149206e+09,"_step":4999,"epoch":4999}