{"_timestamp":1.7545823281804717e+09,"_step":4999,"epoch":4999,"loss":0.03373706340789795,"pred_loss":0.01644657552242279,"kl_div":17.290451049804688,"_wandb":{"runtime":1439},"_runtime":1439}