{"_runtime":514,"pred_loss":0.019760338589549065,"kl_div":18.92308235168457,"_timestamp":1.7545724525515363e+09,"_step":4999,"epoch":4999,"loss":0.038683436810970306,"_wandb":{"runtime":514}}