{"_runtime":337,"_step":4999,"epoch":4999,"loss":0.026880040764808655,"pred_loss":0.008998558856546879,"kl_div":17.88146209716797,"_timestamp":1.7546426649281693e+09,"_wandb":{"runtime":337}}