{"epoch":150,"loss":0.34215614199638367,"pred_loss":0.2500675320625305,"_wandb":{"runtime":84},"_runtime":84,"kl_div":91.48973846435547,"_timestamp":1.7545860883119214e+09,"_step":3}