{"stop_loss":8.295303928207431e-07,"epoch":1999,"kl_div":0.00833246111869812,"_runtime":374,"learning_rate":0.0001350851717672993,"loss":0.01940414123237133,"_wandb":{"runtime":374},"_timestamp":1.7546005199795406e+09,"pred_loss":0.018070118501782417,"beta":0.16000000000000011,"_step":1999}