{"_runtime":3246,"_timestamp":1.7545893690519478e+09,"_step":4999,"epoch":4999,"loss":0.03373706340789795,"pred_loss":0.01644657552242279,"kl_div":17.290451049804688,"_wandb":{"runtime":3246}}