{"epoch":4999,"loss":0.043829429894685745,"_wandb":{"runtime":873},"_runtime":873,"pred_loss":0.02673104964196682,"kl_div":17.09836196899414,"_timestamp":1.754577827814689e+09,"_step":4999}