{"pred_loss":527.9328002929688,"loss":534.1143798828125,"_wandb":{"runtime":4},"epoch":0,"stop_loss":6.1815667152404785,"learning_rate":0.001,"kl_div":0.601976752281189,"_timestamp":1.7549507899081888e+09,"_runtime":4,"_step":0,"beta":0}