{"_step":4999,"epoch":4999,"loss":0.043829429894685745,"pred_loss":0.02673104964196682,"kl_div":17.09836196899414,"_timestamp":1.7545793402479124e+09,"_wandb":{"runtime":672},"_runtime":672}