{"_step":2999,"pred_loss":0.6683012843132019,"beta":0.2600000000000002,"_timestamp":1.7546040859190245e+09,"epoch":2999,"_wandb":{"runtime":234},"_runtime":234,"learning_rate":4.7101286972462485e-05,"loss":1.4111448526382446,"stop_loss":7.691413884458598e-06,"kl_div":2.8570611476898193}