{"_runtime":70,"stop_loss":2.1334722987376153e-05,"_wandb":{"runtime":70},"pred_loss":0.011968825943768024,"epoch":999,"loss":0.011990160681307316,"_timestamp":1.7549508835845666e+09,"kl_div":284.49652099609375,"learning_rate":0.000387420489,"beta":0,"_step":999}